term,term_label,estimate,hc3_standard_error,ci_95_low,ci_95_high,t_value,df,p_value,domain,domain_label,model
Intercept,Intercept,-0.232886308155,0.0126597198827,-0.257704859828,-0.208067756483,-18.395850012,5043,3.36002426223e-73,friends,Friends,Categorical-change Model 3
cog_T2,Cognition at T2,1.07683211003,0.00330918964557,1.07034466047,1.08331955959,325.406587523,5043,0,friends,Friends,Categorical-change Model 3
ucla3_T1,Loneliness at T1,-0.000327165973504,0.00440317792364,-0.00895930790346,0.00830497595645,-0.0743022378787,5043,0.940772843348,friends,Friends,Categorical-change Model 3
change_decreasing,Decreasing loneliness vs stable,-0.00284149824424,0.00638113382187,-0.015351293165,0.00966829667654,-0.445296764425,5043,0.656124418934,friends,Friends,Categorical-change Model 3
change_increasing,Increasing loneliness vs stable,0.00205165502101,0.00523474074762,-0.00821071136155,0.0123140214036,0.391930588338,5043,0.695126062374,friends,Friends,Categorical-change Model 3
contact_increased,Increased contact vs maintained frequent,0.0054954164208,0.00689644477102,-0.00802461186513,0.0190154447067,0.796847738692,5043,0.425576978394,friends,Friends,Categorical-change Model 3
contact_decreased,Decreased contact vs maintained frequent,-0.0164104576423,0.00747274616873,-0.0310602870731,-0.00176062821144,-2.19604109008,5043,0.028134378339,friends,Friends,Categorical-change Model 3
contact_maintained_infrequent,Maintained infrequent vs maintained frequent,-0.0131248546039,0.00695953216158,-0.0267685615871,0.000518852379264,-1.88588173733,5043,0.0593683135276,friends,Friends,Categorical-change Model 3
decreasing_x_increased,Decreasing loneliness x increased contact,0.00504751380191,0.0121935140097,-0.018857071791,0.0289520993948,0.413950711657,5043,0.678927807594,friends,Friends,Categorical-change Model 3
decreasing_x_decreased,Decreasing loneliness x decreased contact,0.0258127189178,0.0129665747536,0.000392598368562,0.0512328394671,1.99071222804,5043,0.0465664147388,friends,Friends,Categorical-change Model 3
decreasing_x_maintained_infrequent,Decreasing loneliness x maintained infrequent,0.0269443443986,0.011142843348,0.0050995298236,0.0487891589737,2.41808518322,5043,0.0156376328485,friends,Friends,Categorical-change Model 3
increasing_x_increased,Increasing loneliness x increased contact,-0.0112091018049,0.0132950421529,-0.0372731611772,0.0148549575674,-0.843103893614,5043,0.399210327089,friends,Friends,Categorical-change Model 3
increasing_x_decreased,Increasing loneliness x decreased contact,-0.00302919230002,0.013178593208,-0.0288649611427,0.0228065765427,-0.229857030429,5043,0.818212189412,friends,Friends,Categorical-change Model 3
increasing_x_maintained_infrequent,Increasing loneliness x maintained infrequent,0.00253391077099,0.0115900328219,-0.0201875894788,0.0252554110207,0.218628437894,5043,0.826948345199,friends,Friends,Categorical-change Model 3
age_T2_centered,Age at T2 (per year; centered at 75),-0.00964569534311,0.000321282105689,-0.0102755478687,-0.00901584281752,-30.0225103494,5043,2.42968024839e-182,friends,Friends,Categorical-change Model 3
male,Male vs Female,0.0209282979632,0.00366373526898,0.0137457849274,0.028110810999,5.71228443834,5043,1.17859428773e-08,friends,Friends,Categorical-change Model 3
education,Education (years),-0.00226662004387,0.00068474543335,-0.00360901861805,-0.000924221469684,-3.31016452753,5043,0.000938961757964,friends,Friends,Categorical-change Model 3
race_black,Black/African American non-Hispanic vs White non-Hispanic,0.0151514957376,0.00595138964311,0.00348418613289,0.0268188053423,2.54587527388,5043,0.0109299122422,friends,Friends,Categorical-change Model 3
race_hispanic,Hispanic vs White non-Hispanic,0.0144183250084,0.00749748010447,-0.000279993683498,0.0291166437003,1.92308946573,5043,0.0545250602742,friends,Friends,Categorical-change Model 3
race_other,Other non-Hispanic vs White non-Hispanic,0.0359481503099,0.013503208555,0.00947599434032,0.0624203062796,2.66219322345,5043,0.0077879648982,friends,Friends,Categorical-change Model 3
wealth_ihs_T2,"IHS wealth at T2 (wealth/$100,000)",-0.00084420011457,0.00172918861665,-0.00423416114305,0.00254576091391,-0.48820591718,5043,0.625425219659,friends,Friends,Categorical-change Model 3
marital_separated_divorced,Separated/divorced vs married/partnered,0.0132946832681,0.00573616807048,0.00204930146039,0.0245400650757,2.31769416529,5043,0.0205057758542,friends,Friends,Categorical-change Model 3
marital_widowed,Widowed vs married/partnered,0.0148522421452,0.00437648938754,0.00627242134223,0.0234320629481,3.39364290187,5043,0.000695011043451,friends,Friends,Categorical-change Model 3
marital_never_married,Never married vs married/partnered,0.0297768674527,0.0071560523346,0.0157478955416,0.0438058393639,4.16107457861,5043,3.22026014798e-05,friends,Friends,Categorical-change Model 3
cohort_B,Cohort B vs Cohort A,-0.00701561695753,0.00337662583958,-0.0136352707615,-0.000395963153593,-2.07770042961,5043,0.0377874367578,friends,Friends,Categorical-change Model 3
Intercept,Intercept,-0.235448757062,0.0129036529556,-0.260745509131,-0.210152004992,-18.2466746332,5055,4.33799732617e-72,other_relatives,Other relatives,Categorical-change Model 3
cog_T2,Cognition at T2,1.07804219376,0.00330326628431,1.07156636025,1.08451802727,326.356430568,5055,0,other_relatives,Other relatives,Categorical-change Model 3
ucla3_T1,Loneliness at T1,-0.000103375180033,0.0043689588244,-0.00866842792603,0.00846167756596,-0.0236612850311,5055,0.981123721339,other_relatives,Other relatives,Categorical-change Model 3
change_decreasing,Decreasing loneliness vs stable,-0.010971554862,0.00795467004728,-0.0265661556057,0.00462304588166,-1.37925957919,5055,0.167875750242,other_relatives,Other relatives,Categorical-change Model 3
change_increasing,Increasing loneliness vs stable,-0.00420225720113,0.00705267684711,-0.0180285603603,0.00962404595801,-0.595838614505,5055,0.551309721131,other_relatives,Other relatives,Categorical-change Model 3
contact_increased,Increased contact vs maintained frequent,-0.0108285846068,0.00707743158414,-0.0247034177789,0.00304624856533,-1.53001614753,5055,0.126075303828,other_relatives,Other relatives,Categorical-change Model 3
contact_decreased,Decreased contact vs maintained frequent,-0.00388167863724,0.00773947627584,-0.0190544063267,0.0112910490522,-0.501542804564,5055,0.616011002055,other_relatives,Other relatives,Categorical-change Model 3
contact_maintained_infrequent,Maintained infrequent vs maintained frequent,-0.0110792438556,0.00545081076265,-0.0217651952612,-0.000393292450007,-2.03258640559,5055,0.0421464897967,other_relatives,Other relatives,Categorical-change Model 3
decreasing_x_increased,Decreasing loneliness x increased contact,0.036421610308,0.0123056847979,0.0122971349797,0.0605460856363,2.95973860099,5055,0.00309329618887,other_relatives,Other relatives,Categorical-change Model 3
decreasing_x_decreased,Decreasing loneliness x decreased contact,0.0166786925262,0.0140163217392,-0.0107993725751,0.0441567576274,1.18994789335,5055,0.234122755906,other_relatives,Other relatives,Categorical-change Model 3
decreasing_x_maintained_infrequent,Decreasing loneliness x maintained infrequent,0.0277374768371,0.0101796048628,0.00778103959699,0.0476939140772,2.72480879276,5055,0.00645601241641,other_relatives,Other relatives,Categorical-change Model 3
increasing_x_increased,Increasing loneliness x increased contact,0.0111776676502,0.0131914148853,-0.0146832225134,0.0370385578139,0.847344105798,5055,0.396843464755,other_relatives,Other relatives,Categorical-change Model 3
increasing_x_decreased,Increasing loneliness x decreased contact,-0.0126430734562,0.0133118604841,-0.038740089193,0.0134539422807,-0.94976006331,5055,0.342279586918,other_relatives,Other relatives,Categorical-change Model 3
increasing_x_maintained_infrequent,Increasing loneliness x maintained infrequent,0.00918356465124,0.00948683826756,-0.00941474982603,0.0277818791285,0.968032171756,5055,0.333074614386,other_relatives,Other relatives,Categorical-change Model 3
age_T2_centered,Age at T2 (per year; centered at 75),-0.00955077704152,0.000319070326919,-0.0101762931632,-0.00892526091981,-29.933140865,5055,2.19358884722e-181,other_relatives,Other relatives,Categorical-change Model 3
male,Male vs Female,0.0197353052181,0.00364191430423,0.0125955748233,0.0268750356129,5.41893728669,5055,6.27351531635e-08,other_relatives,Other relatives,Categorical-change Model 3
education,Education (years),-0.00207210657669,0.000688696444427,-0.00342225007989,-0.000721963073493,-3.00873714894,5055,0.0026362916405,other_relatives,Other relatives,Categorical-change Model 3
race_black,Black/African American non-Hispanic vs White non-Hispanic,0.0133698020523,0.0059966150434,0.0016138377119,0.0251257663926,2.22955816832,5055,0.0258205515137,other_relatives,Other relatives,Categorical-change Model 3
race_hispanic,Hispanic vs White non-Hispanic,0.0149669345945,0.00740927497939,0.000441544551058,0.0294923246379,2.0200268766,5055,0.0434332496156,other_relatives,Other relatives,Categorical-change Model 3
race_other,Other non-Hispanic vs White non-Hispanic,0.0307033239219,0.0146834661946,0.00191736655635,0.0594892812874,2.09101335577,5055,0.0365766747916,other_relatives,Other relatives,Categorical-change Model 3
wealth_ihs_T2,"IHS wealth at T2 (wealth/$100,000)",-0.000762748395377,0.00174932410008,-0.00419218176594,0.00266668497518,-0.436024631081,5055,0.662837478152,other_relatives,Other relatives,Categorical-change Model 3
marital_separated_divorced,Separated/divorced vs married/partnered,0.0139360810966,0.00571805012965,0.00272622471363,0.0251459374796,2.43720862543,5055,0.0148353933863,other_relatives,Other relatives,Categorical-change Model 3
marital_widowed,Widowed vs married/partnered,0.0147580358422,0.00440222586837,0.00612776527255,0.0233883064119,3.35240314412,5055,0.000807018179001,other_relatives,Other relatives,Categorical-change Model 3
marital_never_married,Never married vs married/partnered,0.0311806907692,0.00720328671757,0.0170591269916,0.0453022545469,4.32867550492,5055,1.52907025623e-05,other_relatives,Other relatives,Categorical-change Model 3
cohort_B,Cohort B vs Cohort A,-0.00522975251797,0.00338669514762,-0.0118691427571,0.00140963772119,-1.54420527683,5055,0.122601207375,other_relatives,Other relatives,Categorical-change Model 3
Intercept,Intercept,-0.242316319252,0.0131200033863,-0.268037688511,-0.216594949993,-18.4692268834,4692,1.40152167368e-73,children,Children,Categorical-change Model 3
cog_T2,Cognition at T2,1.07749828017,0.00335256141033,1.07092568507,1.08407087527,321.395538603,4692,0,children,Children,Categorical-change Model 3
ucla3_T1,Loneliness at T1,0.00120647777321,0.00458064557414,-0.00777373913598,0.0101866946824,0.263385969004,4692,0.792264669622,children,Children,Categorical-change Model 3
change_decreasing,Decreasing loneliness vs stable,0.00328565471176,0.00578589993444,-0.00805742686594,0.0146287362895,0.567872716258,4692,0.570148571359,children,Children,Categorical-change Model 3
change_increasing,Increasing loneliness vs stable,-0.00457389125848,0.00497169490752,-0.0143207485416,0.00517296602465,-0.919986311221,4692,0.357627207473,children,Children,Categorical-change Model 3
contact_increased,Increased contact vs maintained frequent,0.00561337387175,0.00907949757407,-0.0121867061217,0.0234134538652,0.618247191099,4692,0.536442415544,children,Children,Categorical-change Model 3
contact_decreased,Decreased contact vs maintained frequent,-0.0149186335171,0.0108503898643,-0.0361904942087,0.00635322717445,-1.37493985965,4692,0.169215741502,children,Children,Categorical-change Model 3
contact_maintained_infrequent,Maintained infrequent vs maintained frequent,0.000602209803171,0.00796114117387,-0.0150053663406,0.0162097859469,0.0756436533431,4692,0.939705830502,children,Children,Categorical-change Model 3
decreasing_x_increased,Decreasing loneliness x increased contact,0.00583363300036,0.0175225228096,-0.0285187422445,0.0401860082452,0.332921980684,4692,0.739208051046,children,Children,Categorical-change Model 3
decreasing_x_decreased,Decreasing loneliness x decreased contact,0.0104951444376,0.0184973492769,-0.0257683485707,0.046758637446,0.567386401182,4692,0.570478831818,children,Children,Categorical-change Model 3
decreasing_x_maintained_infrequent,Decreasing loneliness x maintained infrequent,0.00993550171661,0.0138206169173,-0.01715939915,0.0370304025832,0.718889885744,4692,0.472244567994,children,Children,Categorical-change Model 3
increasing_x_increased,Increasing loneliness x increased contact,0.016969610469,0.0184015965225,-0.0191061621644,0.0530453831024,0.922181423134,4692,0.356481366815,children,Children,Categorical-change Model 3
increasing_x_decreased,Increasing loneliness x decreased contact,0.0366671924922,0.0157275670801,0.00583377358943,0.067500611395,2.33139635047,4692,0.0197745983807,children,Children,Categorical-change Model 3
increasing_x_maintained_infrequent,Increasing loneliness x maintained infrequent,0.00246428637652,0.0140565985878,-0.0250932494075,0.0300218221606,0.175311712939,4692,0.860842273444,children,Children,Categorical-change Model 3
age_T2_centered,Age at T2 (per year; centered at 75),-0.00953473508103,0.000333938462197,-0.0101894113218,-0.00888005884025,-28.5523716505,4692,1.80144217715e-165,children,Children,Categorical-change Model 3
male,Male vs Female,0.0200731350639,0.0039214146799,0.012385320356,0.0277609497717,5.11885039008,4692,3.19690196675e-07,children,Children,Categorical-change Model 3
education,Education (years),-0.0022264627018,0.000712904701657,-0.00362409077689,-0.000828834626708,-3.12308601223,4692,0.0018005542562,children,Children,Categorical-change Model 3
race_black,Black/African American non-Hispanic vs White non-Hispanic,0.0141284318055,0.00635445583474,0.00167071360574,0.0265861500053,2.22338972415,4692,0.0262369806886,children,Children,Categorical-change Model 3
race_hispanic,Hispanic vs White non-Hispanic,0.0136479502576,0.00781691371658,-0.0016768723245,0.0289727728397,1.74595124783,4692,0.0808848712062,children,Children,Categorical-change Model 3
race_other,Other non-Hispanic vs White non-Hispanic,0.0405060245383,0.0154910439715,0.0101363020261,0.0708757470506,2.61480276041,4692,0.00895645810113,children,Children,Categorical-change Model 3
wealth_ihs_T2,"IHS wealth at T2 (wealth/$100,000)",-0.000374763447744,0.00182653011988,-0.00395562042568,0.0032060935302,-0.205177808822,4692,0.837442106966,children,Children,Categorical-change Model 3
marital_separated_divorced,Separated/divorced vs married/partnered,0.0147377309606,0.00600453069737,0.00296603039409,0.0265094315271,2.45443510966,4692,0.0141466812637,children,Children,Categorical-change Model 3
marital_widowed,Widowed vs married/partnered,0.0183067460307,0.0045492239403,0.00938813028301,0.0272253617785,4.02414703496,4692,5.8082846764e-05,children,Children,Categorical-change Model 3
marital_never_married,Never married vs married/partnered,0.0521314180978,0.0140326790908,0.024620775763,0.0796420604325,3.71500108856,4692,0.000205566379527,children,Children,Categorical-change Model 3
cohort_B,Cohort B vs Cohort A,-0.00549225152729,0.00352382001801,-0.0124005939429,0.00141609088831,-1.55860727824,4692,0.119156802402,children,Children,Categorical-change Model 3
