term,term_label,estimate,hc3_standard_error,ci_95_low,ci_95_high,t_value,df,p_value,analysis_scope,cohort,model,covariance
Intercept,Intercept,-0.312371721474,0.00900245327923,-0.330020283,-0.294723159948,-34.6985107042,5239,1.18398398174e-237,Pooled,Combined,Model 1,HC3
cog_T2,Cognition at T2,1.0982976497,0.00323605247474,1.09195363775,1.10464166165,339.394264548,5239,0,Pooled,Combined,Model 1,HC3
ucla3_T1,Loneliness at T1,0.0076701097638,0.00459202955951,-0.00133218257766,0.0166724021053,1.67030931844,5239,0.0949179153594,Pooled,Combined,Model 1,HC3
delta_loneliness,Change in loneliness,-0.0123361565068,0.00530139646729,-0.0227291037207,-0.00194320929292,-2.32696358081,5239,0.0200051291782,Pooled,Combined,Model 1,HC3
Intercept,Intercept,-0.232233573588,0.0122984363333,-0.256343642374,-0.208123504801,-18.8831789094,5233,5.41702604084e-77,Pooled,Combined,Model 2,HC3
cog_T2,Cognition at T2,1.07661739423,0.00322917847484,1.0702868565,1.08294793195,333.402877114,5233,0,Pooled,Combined,Model 2,HC3
ucla3_T1,Loneliness at T1,0.00195056431525,0.0042329719812,-0.00634782768126,0.0102489563118,0.460802557614,5233,0.644959415654,Pooled,Combined,Model 2,HC3
delta_loneliness,Change in loneliness,-0.00955077322475,0.00490075497877,-0.0191582986403,5.67521907976e-05,-1.94883712124,5233,0.0513682462634,Pooled,Combined,Model 2,HC3
age_T2_centered,Age at T2 (per year; centered at 75),-0.00934088196461,0.000305628218203,-0.00994004084662,-0.0087417230826,-30.5628911478,5233,6.57803457517e-189,Pooled,Combined,Model 2,HC3
male,Male vs Female,0.0153093594388,0.00341862159539,0.008607434122,0.0220112847557,4.4782258029,5233,7.6866602214e-06,Pooled,Combined,Model 2,HC3
education,Education (years),-0.00246738130686,0.00064151254377,-0.00372501367072,-0.001209748943,-3.8461933922,5233,0.000121393023727,Pooled,Combined,Model 2,HC3
race_black,Black/African American non-Hispanic vs White non-Hispanic,0.0165916125818,0.00572457968833,0.00536904685735,0.0278141783063,2.89831105254,5233,0.00376737076848,Pooled,Combined,Model 2,HC3
race_hispanic,Hispanic vs White non-Hispanic,0.0146069909543,0.00719431926328,0.00050312216896,0.0287108597396,2.03035067248,5233,0.0423713801907,Pooled,Combined,Model 2,HC3
race_other,Other non-Hispanic vs White non-Hispanic,0.0328782013876,0.0144989009594,0.0044543034232,0.061302099352,2.26763404203,5233,0.0233921210433,Pooled,Combined,Model 2,HC3
Intercept,Intercept,-0.231484609672,0.0124598171051,-0.255911057539,-0.207058161805,-18.5784917803,5228,1.1623122048e-74,Pooled,Combined,Model 3,HC3
cog_T2,Cognition at T2,1.07694434256,0.00323578648465,1.07060084898,1.08328783615,332.823054818,5228,0,Pooled,Combined,Model 3,HC3
ucla3_T1,Loneliness at T1,-0.00189499726694,0.00432406998183,-0.0103719812461,0.00658198671223,-0.438243894039,5228,0.661227599389,Pooled,Combined,Model 3,HC3
delta_loneliness,Change in loneliness,-0.0116144656872,0.00492652285677,-0.0212725090364,-0.00195642233788,-2.35753817141,5228,0.0184332087654,Pooled,Combined,Model 3,HC3
age_T2_centered,Age at T2 (per year; centered at 75),-0.00956219418916,0.000316587333601,-0.0101828376492,-0.00894155072913,-30.2039695663,5228,7.27210646095e-185,Pooled,Combined,Model 3,HC3
male,Male vs Female,0.0197494743873,0.00356350793463,0.0127635098219,0.0267354389528,5.54214407534,5228,3.13428620763e-08,Pooled,Combined,Model 3,HC3
education,Education (years),-0.00231429919413,0.000665054099738,-0.0036180831228,-0.00101051526546,-3.47986606659,5228,0.000505759678314,Pooled,Combined,Model 3,HC3
race_black,Black/African American non-Hispanic vs White non-Hispanic,0.0128315330506,0.00578154806746,0.00149728301571,0.0241657830856,2.21939399291,5228,0.0265026891584,Pooled,Combined,Model 3,HC3
race_hispanic,Hispanic vs White non-Hispanic,0.0134203821347,0.00720915902541,-0.000712581905795,0.0275533461751,1.86157387947,5228,0.0627192558994,Pooled,Combined,Model 3,HC3
race_other,Other non-Hispanic vs White non-Hispanic,0.0311470471244,0.0143324739254,0.00304940939924,0.0592446848496,2.17318010041,5228,0.0298115154879,Pooled,Combined,Model 3,HC3
wealth_ihs_T2,"IHS wealth at T2 (wealth/$100,000)",-0.001130769247,0.00171621370723,-0.0044952652339,0.00223372673991,-0.658874382738,5228,0.510005454022,Pooled,Combined,Model 3,HC3
marital_separated_divorced,Separated/divorced vs married/partnered,0.0130360513244,0.00562413923852,0.00201038836754,0.0240617142812,2.31787492655,5228,0.0204945291892,Pooled,Combined,Model 3,HC3
marital_widowed,Widowed vs married/partnered,0.0145518272143,0.00429086726928,0.00613993442554,0.0229637200031,3.39134871836,5228,0.000700652461134,Pooled,Combined,Model 3,HC3
marital_never_married,Never married vs married/partnered,0.0318412815171,0.00700521823608,0.0181081266405,0.0455744363937,4.54536610339,5228,5.60762867217e-06,Pooled,Combined,Model 3,HC3
cohort_B,Cohort B vs Cohort A,-0.00646541388302,0.00332948827338,-0.0129926021272,6.17743611213e-05,-1.94186414012,5228,0.0522071983585,Pooled,Combined,Model 3,HC3
Intercept,Intercept,-0.231511766925,0.0124567120051,-0.255932128581,-0.20709140527,-18.5853029942,5227,1.03288250094e-74,Formal cohort comparison,Combined,Model 3 plus loneliness-change-by-cohort interaction,HC3
cog_T2,Cognition at T2,1.07696823814,0.00323648159198,1.07062338157,1.08331309471,332.758956766,5227,0,Formal cohort comparison,Combined,Model 3 plus loneliness-change-by-cohort interaction,HC3
ucla3_T1,Loneliness at T1,-0.00189003140981,0.00432375303601,-0.0103663944183,0.00658633159863,-0.43712751262,5227,0.662036933608,Formal cohort comparison,Combined,Model 3 plus loneliness-change-by-cohort interaction,HC3
delta_loneliness,Change in loneliness,-0.00704064260599,0.00653996627083,-0.019861709793,0.00578042458097,-1.07655640938,5227,0.281728171828,Formal cohort comparison,Combined,Model 3 plus loneliness-change-by-cohort interaction,HC3
age_T2_centered,Age at T2 (per year; centered at 75),-0.00954616158583,0.00031655381372,-0.0101667393604,-0.00892558381128,-30.1565205411,5227,2.48049693274e-184,Formal cohort comparison,Combined,Model 3 plus loneliness-change-by-cohort interaction,HC3
male,Male vs Female,0.0195747623921,0.00355923825731,0.0125971678691,0.026552356915,5.49970554847,5227,3.98508017188e-08,Formal cohort comparison,Combined,Model 3 plus loneliness-change-by-cohort interaction,HC3
education,Education (years),-0.00229937627533,0.000663637009184,-0.00360038217202,-0.000998370378642,-3.4648101952,5227,0.00053486844665,Formal cohort comparison,Combined,Model 3 plus loneliness-change-by-cohort interaction,HC3
race_black,Black/African American non-Hispanic vs White non-Hispanic,0.0128249810317,0.00578638165133,0.00148125465008,0.0241687074132,2.21640773189,5227,0.0267064860707,Formal cohort comparison,Combined,Model 3 plus loneliness-change-by-cohort interaction,HC3
race_hispanic,Hispanic vs White non-Hispanic,0.0132509750521,0.00720885295454,-0.0008813895877,0.0273833396918,1.83815305093,5227,0.0660965682554,Formal cohort comparison,Combined,Model 3 plus loneliness-change-by-cohort interaction,HC3
race_other,Other non-Hispanic vs White non-Hispanic,0.0307833338603,0.0142574869766,0.00283270064992,0.0587339670706,2.15909956017,5227,0.0308878010545,Formal cohort comparison,Combined,Model 3 plus loneliness-change-by-cohort interaction,HC3
wealth_ihs_T2,"IHS wealth at T2 (wealth/$100,000)",-0.00121570401123,0.00171105983855,-0.00457009641059,0.00213868838814,-0.710497659893,5227,0.477427279994,Formal cohort comparison,Combined,Model 3 plus loneliness-change-by-cohort interaction,HC3
marital_separated_divorced,Separated/divorced vs married/partnered,0.0129942251752,0.00563089005937,0.00195532729956,0.0240331230508,2.30766806636,5227,0.0210564765484,Formal cohort comparison,Combined,Model 3 plus loneliness-change-by-cohort interaction,HC3
marital_widowed,Widowed vs married/partnered,0.0144080288619,0.00429093988431,0.00599599334462,0.0228200643792,3.35777923959,5227,0.000791328611334,Formal cohort comparison,Combined,Model 3 plus loneliness-change-by-cohort interaction,HC3
marital_never_married,Never married vs married/partnered,0.0316670232019,0.00699132496827,0.0179611043283,0.0453729420755,4.5294737901,5227,6.04462767199e-06,Formal cohort comparison,Combined,Model 3 plus loneliness-change-by-cohort interaction,HC3
cohort_B,Cohort B vs Cohort A,-0.00631093888938,0.00332354874504,-0.0128264834648,0.000204605686033,-1.89885552267,5227,0.0576384888218,Formal cohort comparison,Combined,Model 3 plus loneliness-change-by-cohort interaction,HC3
delta_x_cohort_B,Loneliness change x Cohort B,-0.00972644143314,0.00820398076848,-0.0258096724893,0.00635678962302,-1.18557584514,5227,0.235843739472,Formal cohort comparison,Combined,Model 3 plus loneliness-change-by-cohort interaction,HC3
Intercept,Intercept,-0.232635111094,0.0169905418423,-0.265950851836,-0.199319370352,-13.6920360312,2708,2.60598590652e-41,Cohort-specific sensitivity,A,Model 3,HC3
cog_T2,Cognition at T2,1.07638583845,0.00433620036805,1.06788324162,1.08488843529,248.232495524,2708,0,Cohort-specific sensitivity,A,Model 3,HC3
ucla3_T1,Loneliness at T1,-0.000210258895369,0.00567425466229,-0.0113365666368,0.0109160488461,-0.0370548922955,2708,0.970443969248,Cohort-specific sensitivity,A,Model 3,HC3
delta_loneliness,Change in loneliness,-0.00652170403277,0.00692021006712,-0.0200911314598,0.00704772339426,-0.942414170886,2708,0.34606469919,Cohort-specific sensitivity,A,Model 3,HC3
age_T2_centered,Age at T2 (per year; centered at 75),-0.00925446683894,0.0004611003733,-0.0101586110761,-0.00835032260179,-20.0703954601,2708,1.20763305481e-83,Cohort-specific sensitivity,A,Model 3,HC3
male,Male vs Female,0.0123170408684,0.00499510527667,0.00252243667509,0.0221116450617,2.46582207705,2708,0.0137314802241,Cohort-specific sensitivity,A,Model 3,HC3
education,Education (years),-0.00199857311516,0.000940624595128,-0.00384298781585,-0.000154158414471,-2.12472980774,2708,0.0336995013374,Cohort-specific sensitivity,A,Model 3,HC3
race_black,Black/African American non-Hispanic vs White non-Hispanic,0.00617493982794,0.00859064090743,-0.0106699358643,0.0230198155202,0.71879850345,2708,0.472327096122,Cohort-specific sensitivity,A,Model 3,HC3
race_hispanic,Hispanic vs White non-Hispanic,0.0153998196978,0.0113778862398,-0.00691039922709,0.0377100386228,1.35348687562,2708,0.176013101195,Cohort-specific sensitivity,A,Model 3,HC3
race_other,Other non-Hispanic vs White non-Hispanic,0.0530891514339,0.0227910794547,0.00839948224107,0.0977788206266,2.32938292981,2708,0.0199119733493,Cohort-specific sensitivity,A,Model 3,HC3
wealth_ihs_T2,"IHS wealth at T2 (wealth/$100,000)",-0.00193163314542,0.00235459797561,-0.00654862396506,0.00268535767422,-0.820366434283,2708,0.412079448285,Cohort-specific sensitivity,A,Model 3,HC3
marital_separated_divorced,Separated/divorced vs married/partnered,0.00766763573595,0.00869958673542,-0.00939086533648,0.0247261368084,0.881379307908,2708,0.378190773328,Cohort-specific sensitivity,A,Model 3,HC3
marital_widowed,Widowed vs married/partnered,0.0147641156207,0.00593344041531,0.00312958598543,0.026398645256,2.48828918591,2708,0.0128956143604,Cohort-specific sensitivity,A,Model 3,HC3
marital_never_married,Never married vs married/partnered,0.0280785491588,0.0100507140201,0.0083707031307,0.047786395187,2.79368700599,2708,0.00524773964865,Cohort-specific sensitivity,A,Model 3,HC3
Intercept,Intercept,-0.235301189742,0.0181821609188,-0.270954783505,-0.199647595979,-12.941321485,2507,3.95622547861e-37,Cohort-specific sensitivity,B,Model 3,HC3
cog_T2,Cognition at T2,1.07752224048,0.00484289005535,1.06802576559,1.08701871538,222.495705698,2507,0,Cohort-specific sensitivity,B,Model 3,HC3
ucla3_T1,Loneliness at T1,-0.00361958204243,0.00667423918425,-0.0167071690248,0.00946800493994,-0.542321295733,2507,0.587645389197,Cohort-specific sensitivity,B,Model 3,HC3
delta_loneliness,Change in loneliness,-0.0165989611391,0.00696094439484,-0.0302487514346,-0.00294917084363,-2.38458464794,2507,0.0171723548735,Cohort-specific sensitivity,B,Model 3,HC3
age_T2_centered,Age at T2 (per year; centered at 75),-0.00992210613479,0.000426952239411,-0.0107593213463,-0.00908489092324,-23.2393818767,2507,2.34837875794e-108,Cohort-specific sensitivity,B,Model 3,HC3
male,Male vs Female,0.0278374736068,0.00508433648244,0.0178675438328,0.0378074033807,5.47514384678,2507,4.8061184083e-08,Cohort-specific sensitivity,B,Model 3,HC3
education,Education (years),-0.00272970654648,0.000965948162676,-0.00462384462731,-0.000835568465646,-2.82593481923,2507,0.004751624793,Cohort-specific sensitivity,B,Model 3,HC3
race_black,Black/African American non-Hispanic vs White non-Hispanic,0.0199880373561,0.00775884248426,0.00477364016539,0.0352024345469,2.57616228151,2507,0.0100471264552,Cohort-specific sensitivity,B,Model 3,HC3
race_hispanic,Hispanic vs White non-Hispanic,0.0109261618591,0.00950627862076,-0.00771480153663,0.0295671252548,1.1493626786,2507,0.250516100141,Cohort-specific sensitivity,B,Model 3,HC3
race_other,Other non-Hispanic vs White non-Hispanic,0.0068629514148,0.0161136051109,-0.0247343891458,0.0384602919754,0.425910363794,2507,0.670209724393,Cohort-specific sensitivity,B,Model 3,HC3
wealth_ihs_T2,"IHS wealth at T2 (wealth/$100,000)",-0.00028360320684,0.0025037048462,-0.00519314481125,0.00462593839757,-0.113273418498,2507,0.909822860035,Cohort-specific sensitivity,B,Model 3,HC3
marital_separated_divorced,Separated/divorced vs married/partnered,0.0178414219395,0.00742575150226,0.00328018641703,0.032402657462,2.40264193248,2507,0.0163493910802,Cohort-specific sensitivity,B,Model 3,HC3
marital_widowed,Widowed vs married/partnered,0.0136517769596,0.00620487532984,0.00148457057813,0.0258189833411,2.20016942064,2507,0.0278858012305,Cohort-specific sensitivity,B,Model 3,HC3
marital_never_married,Never married vs married/partnered,0.0349791296981,0.00995491898503,0.0154584226148,0.0544998367813,3.51375332644,2507,0.000449644589081,Cohort-specific sensitivity,B,Model 3,HC3
