relationship,measure,n,mean,sd,median,q1,q3,min,max
children,overall_contact_T1,7944,2.9611027190332324,0.9904832500253302,3.0,2.3333333333333335,3.6666666666666665,0.0,5.0
children,overall_contact_T2,7944,2.9649211144679426,1.0205000873399672,3.0,2.3333333333333335,3.6666666666666665,0.0,5.0
children,overall_contact_change,7944,0.003818395434709628,0.8970068148736876,0.0,-0.3333333333333335,0.3333333333333335,-4.666666666666667,5.0
other_relatives,overall_contact_T1,9266,2.190733146269516,1.1548884998509814,2.3333333333333335,1.3333333333333333,3.0,0.0,5.0
other_relatives,overall_contact_T2,9266,2.165839269012159,1.1985302251509429,2.3333333333333335,1.3333333333333333,3.0,0.0,5.0
other_relatives,overall_contact_change,9266,-0.024893877257356645,1.1715804843092992,0.0,-0.6666666666666665,0.6666666666666665,-5.0,5.0
friends,overall_contact_T1,9150,2.584735883424408,1.224173142769449,2.6666666666666665,2.0,3.3333333333333335,0.0,5.0
friends,overall_contact_T2,9150,2.5690346083788707,1.269814658414585,2.6666666666666665,1.6666666666666667,3.3333333333333335,0.0,5.0
friends,overall_contact_change,9150,-0.015701275045537345,1.1034067453902274,0.0,-0.6666666666666665,0.6666666666666665,-5.0,5.0
