analysis,relationship,term,estimate,se_HC3,ci_low,ci_high,p_value
Pooled,children,Intercept,2.601413858843948,0.2530079387608609,2.105527411069945,3.0973003066179507,8.499427213735704e-25
Pooled,children,"C(sex_T2, Treatment(reference=""Female""))[T.Male]",-0.44938296703419295,0.08321348090045977,-0.6124783926273057,-0.28628754144108015,6.650634640530317e-08
Pooled,children,"C(race_ethnicity_T2, Treatment(reference=""White, non-Hispanic""))[T.Black/African American, non-Hispanic]",-0.736393371775726,0.14981066889560588,-1.0300168873109683,-0.44276985624048354,8.855908121708432e-07
Pooled,children,"C(race_ethnicity_T2, Treatment(reference=""White, non-Hispanic""))[T.Hispanic]",0.11220234371599733,0.17576735715070044,-0.23229534595716425,0.4567000333891589,0.5232412378815094
Pooled,children,"C(race_ethnicity_T2, Treatment(reference=""White, non-Hispanic""))[T.Other, non-Hispanic]",-0.4665579564582057,0.28001124983757447,-1.0153699214058987,0.08225400848948733,0.09567130205097561
Pooled,children,"C(marital_status_4_T2, Treatment(reference=""Married/partnered""))[T.Never married]",-0.3231532074796092,0.4703642625512861,-1.245050221694872,0.5987438067356536,0.492065366817378
Pooled,children,"C(marital_status_4_T2, Treatment(reference=""Married/partnered""))[T.Separated/divorced]",-0.10590580352751863,0.13335050242761876,-0.3672679856059724,0.15545637855093516,0.42708409588938534
Pooled,children,"C(marital_status_4_T2, Treatment(reference=""Married/partnered""))[T.Widowed]",-0.026099867305102466,0.10943487675763718,-0.2405882844026508,0.18838854979244585,0.8114958013121033
Pooled,children,"C(cohort, Treatment(reference=""A""))[T.B]",0.30124788236414296,0.07611757307616238,0.152060180544269,0.4504355841840169,7.568588953416873e-05
Pooled,children,cog27_T2,0.5598406297092143,0.01216216356562996,0.5360032271464944,0.5836780322719343,0.0
Pooled,children,contact_T1,0.2634942856604738,0.04590378467589656,0.1735245209416349,0.35346405037931267,9.45966699642913e-09
Pooled,children,contact_change,0.1819672607622272,0.05084166505431224,0.08231942834172654,0.2816150931827278,0.00034478323059494416
Pooled,children,age_T2_centered,-0.08730966586972584,0.004769653945690582,-0.09665801582199875,-0.07796131591745294,7.51584367695594e-75
Pooled,children,education_T2,0.20760194107218072,0.016597493124501057,0.1750714523145075,0.24013242982985394,6.747700868410747e-36
Pooled,children,wealth_ihs_T2,0.16638430554529057,0.03902629294879688,0.08989417691553923,0.2428744341750419,2.0134867787701748e-05
A,children,Intercept,2.5776461650932148,0.34372738196459374,1.9039528759423685,3.251339454244061,6.425727224147754e-14
A,children,"C(sex_T2, Treatment(reference=""Female""))[T.Male]",-0.4488639360264011,0.11176823113679213,-0.667925643670262,-0.22980222838254027,5.918814696872639e-05
A,children,"C(race_ethnicity_T2, Treatment(reference=""White, non-Hispanic""))[T.Black/African American, non-Hispanic]",-0.6641458300921358,0.20468639943201658,-1.065323801104068,-0.26296785908020354,0.001175746822259
A,children,"C(race_ethnicity_T2, Treatment(reference=""White, non-Hispanic""))[T.Hispanic]",0.5282504110201806,0.2568777903846159,0.024779193438103975,1.031721628602257,0.039741380812542124
A,children,"C(race_ethnicity_T2, Treatment(reference=""White, non-Hispanic""))[T.Other, non-Hispanic]",-0.14393957714276143,0.3803656134843162,-0.8894424805295039,0.6015633262439811,0.7051154463593117
A,children,"C(marital_status_4_T2, Treatment(reference=""Married/partnered""))[T.Never married]",-0.06389058783952747,0.6238637518612994,-1.2866410727477073,1.1588598970686523,0.91843035469173
A,children,"C(marital_status_4_T2, Treatment(reference=""Married/partnered""))[T.Separated/divorced]",-0.07398641292927527,0.18247376583300345,-0.4316284220853575,0.28365559622680697,0.6851369992261136
A,children,"C(marital_status_4_T2, Treatment(reference=""Married/partnered""))[T.Widowed]",-0.09957666955809054,0.15233332780875716,-0.39814450570838844,0.1989911665922074,0.5133204453181126
A,children,cog27_T2,0.5672355483284635,0.016709663731792314,0.5344852092203753,0.5999858874365516,1.3711376364878144e-252
A,children,contact_T1,0.2898032451936778,0.06225024213544368,0.16779501257931043,0.41181147780804517,3.232648950467128e-06
A,children,contact_change,0.18697547025629405,0.06954010220857577,0.05067937444625126,0.32327156606633684,0.0071721590920685915
A,children,age_T2_centered,-0.07470122515324978,0.0063919898625261085,-0.08722929507334609,-0.062173155233153476,1.4907853412079086e-31
A,children,education_T2,0.2002894846374,0.022056633288196265,0.15705927777232806,0.24351969150247196,1.0788711226536102e-19
A,children,wealth_ihs_T2,0.14039014159476162,0.05159529748536651,0.039265216751813256,0.24151506643770998,0.006508729104393667
B,children,Intercept,2.9782750615098235,0.3665546707303748,2.2598411085133505,3.6967090145062964,4.471776911728084e-16
B,children,"C(sex_T2, Treatment(reference=""Female""))[T.Male]",-0.4502103197282621,0.12487497708941649,-0.6949607773937828,-0.2054598620627414,0.0003118063353848389
B,children,"C(race_ethnicity_T2, Treatment(reference=""White, non-Hispanic""))[T.Black/African American, non-Hispanic]",-0.8168418967636482,0.22106488167669253,-1.250121103096574,-0.3835626904307223,0.00021985876344919448
B,children,"C(race_ethnicity_T2, Treatment(reference=""White, non-Hispanic""))[T.Hispanic]",-0.2559215376713919,0.24258044976252424,-0.7313704825594673,0.2195274072166835,0.291426902469365
B,children,"C(race_ethnicity_T2, Treatment(reference=""White, non-Hispanic""))[T.Other, non-Hispanic]",-0.8122566684842343,0.4135574014842008,-1.6228142809332393,-0.0016990560352292405,0.04952169909695324
B,children,"C(marital_status_4_T2, Treatment(reference=""Married/partnered""))[T.Never married]",-0.6016483322350692,0.7498393842422766,-2.0713065195396223,0.8680098550694839,0.4223391885238912
B,children,"C(marital_status_4_T2, Treatment(reference=""Married/partnered""))[T.Separated/divorced]",-0.1414644662896487,0.19440710852441603,-0.5224953973360739,0.23956646475677645,0.46681484533919126
B,children,"C(marital_status_4_T2, Treatment(reference=""Married/partnered""))[T.Widowed]",0.044357682802385945,0.15799653589765772,-0.26530983723911294,0.35402520284388483,0.7789014017195508
B,children,cog27_T2,0.5523888364378063,0.017780247194278977,0.5175401923008002,0.5872374805748125,6.609537630191202e-212
B,children,contact_T1,0.22916649203070927,0.06797609089323564,0.09593580207014626,0.36239718199127224,0.0007481954585870291
B,children,contact_change,0.1808164577748826,0.07534110930514874,0.03315059698149553,0.32848231856826965,0.016396382468671488
B,children,age_T2_centered,-0.1029321004602452,0.007184693542268348,-0.11701384104304867,-0.08885035987744173,1.4928956885358975e-46
B,children,education_T2,0.2129307422125707,0.0249892119887921,0.16395278671250163,0.26190869771263975,1.5830912031269446e-17
B,children,wealth_ihs_T2,0.2038731279683645,0.059576917652149015,0.08710451506024382,0.32064174087648517,0.0006215879944866912
Pooled,other_relatives,Intercept,2.9156827763918858,0.23094487960277513,2.4630391299565075,3.368326422827264,1.5371040597973153e-36
Pooled,other_relatives,"C(sex_T2, Treatment(reference=""Female""))[T.Male]",-0.43206462686298835,0.07758488575606803,-0.5841282086895363,-0.28000104503644035,2.5631166402370216e-08
Pooled,other_relatives,"C(race_ethnicity_T2, Treatment(reference=""White, non-Hispanic""))[T.Black/African American, non-Hispanic]",-0.7672309243542436,0.13933205985295263,-1.0403167435578098,-0.4941451051506772,3.6605382303287014e-08
Pooled,other_relatives,"C(race_ethnicity_T2, Treatment(reference=""White, non-Hispanic""))[T.Hispanic]",0.03084877438994306,0.16668176243045565,-0.2958414768534115,0.3575390256332976,0.8531695172611484
Pooled,other_relatives,"C(race_ethnicity_T2, Treatment(reference=""White, non-Hispanic""))[T.Other, non-Hispanic]",-0.533240405831181,0.25195993681220563,-1.027072807530092,-0.03940800413227025,0.034313366888262184
Pooled,other_relatives,"C(marital_status_4_T2, Treatment(reference=""Married/partnered""))[T.Never married]",-0.22096652667605937,0.22218220526372803,-0.6564356469986519,0.21450259364653318,0.3199656563656138
Pooled,other_relatives,"C(marital_status_4_T2, Treatment(reference=""Married/partnered""))[T.Separated/divorced]",-0.14856501839215375,0.12394239258042447,-0.3914876440075101,0.09435760722320263,0.23065945537576804
Pooled,other_relatives,"C(marital_status_4_T2, Treatment(reference=""Married/partnered""))[T.Widowed]",-0.16050462152605927,0.10324287575851214,-0.36285693967308646,0.041847696620967934,0.1200338693831078
Pooled,other_relatives,"C(cohort, Treatment(reference=""A""))[T.B]",0.33166346982069594,0.07144520584468123,0.19163343949707018,0.4716935001443217,3.4470643763966003e-06
Pooled,other_relatives,cog27_T2,0.5666857910906038,0.011661167231930503,0.5438303232983214,0.5895412588828862,0.0
Pooled,other_relatives,contact_T1,0.11331332117125556,0.03615721367278644,0.042446484591274924,0.1841801577512362,0.0017249590463478384
Pooled,other_relatives,contact_change,0.10382620183391053,0.035939916449795405,0.0333852599849329,0.17426714368288815,0.0038661329826971446
Pooled,other_relatives,age_T2_centered,-0.08477067489154427,0.004460642739232922,-0.0935133740083409,-0.07602797577474765,1.5761082991572542e-80
Pooled,other_relatives,education_T2,0.21436548163895022,0.015480619176113632,0.18402402559538739,0.24470693768251306,1.320007121245951e-43
Pooled,other_relatives,wealth_ihs_T2,0.18059643689697116,0.03595260894646779,0.11013061821164176,0.25106225558230055,5.082279250709344e-07
A,other_relatives,Intercept,3.09599885211541,0.3177753358905655,2.4731706385947834,3.7188270656360367,1.981607059925244e-22
A,other_relatives,"C(sex_T2, Treatment(reference=""Female""))[T.Male]",-0.42446406150749383,0.10500806401330885,-0.6302760850598557,-0.21865203795513194,5.295103666890548e-05
A,other_relatives,"C(race_ethnicity_T2, Treatment(reference=""White, non-Hispanic""))[T.Black/African American, non-Hispanic]",-0.7325767047491226,0.19558216945863627,-1.1159107129062593,-0.3492426965919858,0.00017994800093632353
A,other_relatives,"C(race_ethnicity_T2, Treatment(reference=""White, non-Hispanic""))[T.Hispanic]",0.24365403177180064,0.24639760799610452,-0.23927640577738266,0.726584469320984,0.3227290753756694
A,other_relatives,"C(race_ethnicity_T2, Treatment(reference=""White, non-Hispanic""))[T.Other, non-Hispanic]",-0.2690725494074758,0.3494370453010679,-0.9539565730616603,0.4158114742467086,0.44128966577390727
A,other_relatives,"C(marital_status_4_T2, Treatment(reference=""Married/partnered""))[T.Never married]",-0.30575523147439937,0.3045704190610807,-0.9027022835903891,0.2911918206415904,0.31543158414663175
A,other_relatives,"C(marital_status_4_T2, Treatment(reference=""Married/partnered""))[T.Separated/divorced]",-0.13205570952619497,0.1687278919802613,-0.46275630099487175,0.19864488194248184,0.4338297996889263
A,other_relatives,"C(marital_status_4_T2, Treatment(reference=""Married/partnered""))[T.Widowed]",-0.21095760406037026,0.1445963731724501,-0.4943612877734862,0.07244607965274566,0.1445812962301294
A,other_relatives,cog27_T2,0.5767563216778925,0.016333009396020115,0.5447442115025387,0.6087684318532463,3.8008395026745e-273
A,other_relatives,contact_T1,0.11674513277983117,0.04994544085717741,0.018853867507788113,0.21463639805187423,0.019415629360496064
A,other_relatives,contact_change,0.1208945289809645,0.05065858934250009,0.02160551836205972,0.2201835395998693,0.017011611405020458
A,other_relatives,age_T2_centered,-0.07310697319325855,0.005957800704924699,-0.08478404800197831,-0.0614298983845388,1.299649338457577e-34
A,other_relatives,education_T2,0.19612882754603886,0.020896205315825204,0.15517301771346703,0.23708463737861069,6.2405914043422654e-21
A,other_relatives,wealth_ihs_T2,0.1444567768679215,0.047657645530327336,0.051049508040503636,0.23786404569533937,0.002436359593471124
B,other_relatives,Intercept,3.076765195780048,0.32921743071340304,2.4315108884989676,3.7220195030611287,9.128925239772715e-21
B,other_relatives,"C(sex_T2, Treatment(reference=""Female""))[T.Male]",-0.43634120990885344,0.11560770632719658,-0.6629281506454421,-0.2097542691722648,0.00016044063156646734
B,other_relatives,"C(race_ethnicity_T2, Treatment(reference=""White, non-Hispanic""))[T.Black/African American, non-Hispanic]",-0.8128182778005485,0.19907645396463675,-1.2030009577411827,-0.4226355978599144,4.4468487270638344e-05
B,other_relatives,"C(race_ethnicity_T2, Treatment(reference=""White, non-Hispanic""))[T.Hispanic]",-0.16313287225145318,0.22689528803743003,-0.6078394650666579,0.28157372056375146,0.4721540626352506
B,other_relatives,"C(race_ethnicity_T2, Treatment(reference=""White, non-Hispanic""))[T.Other, non-Hispanic]",-0.80769545456011,0.36638270883797813,-1.5257923684407722,-0.08959854067944795,0.027488284812632914
B,other_relatives,"C(marital_status_4_T2, Treatment(reference=""Married/partnered""))[T.Never married]",-0.12614162611795648,0.3269738894540917,-0.7669986733329572,0.5147154210970444,0.6996558957914429
B,other_relatives,"C(marital_status_4_T2, Treatment(reference=""Married/partnered""))[T.Separated/divorced]",-0.1666673951196084,0.18230543459883045,-0.5239794811192383,0.19064469088002153,0.36060090924108623
B,other_relatives,"C(marital_status_4_T2, Treatment(reference=""Married/partnered""))[T.Widowed]",-0.10064970551583236,0.1482596053807277,-0.3912331924241794,0.1899337813925147,0.49721721302623767
B,other_relatives,cog27_T2,0.556840078334805,0.016708028012080833,0.5240929451784402,0.5895872114911698,1.533325464853495e-243
B,other_relatives,contact_T1,0.10243305102890787,0.05245506485608131,-0.00037698689572421284,0.20524308895353996,0.05084600956351293
B,other_relatives,contact_change,0.08487726844069622,0.0511340771841525,-0.015343681222933975,0.18509821810432642,0.096935304456696
B,other_relatives,age_T2_centered,-0.0999852458143865,0.006783031950109918,-0.11327974414258643,-0.08669074748618658,3.5418130398186635e-49
B,other_relatives,education_T2,0.23229814230544624,0.022967289930322207,0.18728308121952525,0.2773132033913672,4.774001616574619e-24
B,other_relatives,wealth_ihs_T2,0.2262823383364903,0.05481716822591882,0.11884266287921602,0.3337220137937646,3.660172243343257e-05
Pooled,friends,Intercept,2.9678867918734664,0.2265555942674692,2.5238459866131575,3.4119275971337752,3.290948085549392e-39
Pooled,friends,"C(sex_T2, Treatment(reference=""Female""))[T.Male]",-0.47003769115484945,0.07811848882930426,-0.6231471157869803,-0.31692826652271855,1.7769672476686438e-09
Pooled,friends,"C(race_ethnicity_T2, Treatment(reference=""White, non-Hispanic""))[T.Black/African American, non-Hispanic]",-0.7207090348206171,0.14196823185307433,-0.9989616562014749,-0.44245641343975933,3.8434673657893383e-07
Pooled,friends,"C(race_ethnicity_T2, Treatment(reference=""White, non-Hispanic""))[T.Hispanic]",0.11156907284847867,0.16823995662068864,-0.21817518288865206,0.4413133285856094,0.5072316524298837
Pooled,friends,"C(race_ethnicity_T2, Treatment(reference=""White, non-Hispanic""))[T.Other, non-Hispanic]",-0.5293331317502621,0.2379652960721476,-0.9957365416220821,-0.06292972187844204,0.026120660506739266
Pooled,friends,"C(marital_status_4_T2, Treatment(reference=""Married/partnered""))[T.Never married]",-0.29053319152368395,0.22543699045849083,-0.7323815736054258,0.15131519055805787,0.19748305447507508
Pooled,friends,"C(marital_status_4_T2, Treatment(reference=""Married/partnered""))[T.Separated/divorced]",-0.21972788514701103,0.12442694244821607,-0.4636002110519526,0.02414444075793054,0.0774094615315799
Pooled,friends,"C(marital_status_4_T2, Treatment(reference=""Married/partnered""))[T.Widowed]",-0.2349733797800399,0.10449847374906812,-0.4397866247676177,-0.0301601347924621,0.024539107140178866
Pooled,friends,"C(cohort, Treatment(reference=""A""))[T.B]",0.3103763786502558,0.07223251094260295,0.16880325868985865,0.4519494986106529,1.7319785053279333e-05
Pooled,friends,cog27_T2,0.5522879069321618,0.011722202012492997,0.5293128131681726,0.575263000696151,0.0
Pooled,friends,contact_T1,0.23798221327743765,0.03535358554913874,0.16869045887677,0.30727396767810533,1.67937456454789e-11
Pooled,friends,contact_change,0.1453725214058465,0.03738648716030894,0.07209635306317182,0.2186486897485212,0.00010091940740177174
Pooled,friends,age_T2_centered,-0.0830164909582718,0.004511091213659367,-0.09185806726801923,-0.07417491464852435,1.2486041631891357e-75
Pooled,friends,education_T2,0.2057879092626368,0.015827557857703446,0.1747664658983141,0.23680935262695949,1.1938192050173035e-38
Pooled,friends,wealth_ihs_T2,0.1544344702941639,0.036464221600450236,0.08296590923299395,0.22590303135533385,2.2831496408861335e-05
A,friends,Intercept,3.2271933279411855,0.3111524434045615,2.617345745166608,3.8370409107157633,3.33385769875297e-25
A,friends,"C(sex_T2, Treatment(reference=""Female""))[T.Male]",-0.5190931195947933,0.10532186218051003,-0.7255201762532841,-0.3126660629363025,8.280569202173111e-07
A,friends,"C(race_ethnicity_T2, Treatment(reference=""White, non-Hispanic""))[T.Black/African American, non-Hispanic]",-0.6873820955139706,0.19722161293345677,-1.0739293538364447,-0.30083483719149634,0.0004915333172911446
A,friends,"C(race_ethnicity_T2, Treatment(reference=""White, non-Hispanic""))[T.Hispanic]",0.3336048687176489,0.249348480723848,-0.15510917310087308,0.8223189105361708,0.18092702836893648
A,friends,"C(race_ethnicity_T2, Treatment(reference=""White, non-Hispanic""))[T.Other, non-Hispanic]",-0.254578253183137,0.33105647983061687,-0.9034370304997569,0.3942805241334829,0.44190080574382073
A,friends,"C(marital_status_4_T2, Treatment(reference=""Married/partnered""))[T.Never married]",-0.315890860892372,0.31158934585067577,-0.9265947567260915,0.2948130349413474,0.31067577205308217
A,friends,"C(marital_status_4_T2, Treatment(reference=""Married/partnered""))[T.Separated/divorced]",-0.2098706115108867,0.1691186208958737,-0.5413370175818821,0.12159579456010877,0.2146179750381244
A,friends,"C(marital_status_4_T2, Treatment(reference=""Married/partnered""))[T.Widowed]",-0.30894099828527766,0.14596446643325928,-0.5950260955170714,-0.02285590105348384,0.034298111651266804
A,friends,cog27_T2,0.554116235279271,0.016344970565149466,0.5220806816432108,0.5861517889153313,6.367796891760222e-252
A,friends,contact_T1,0.2412077767801321,0.04908852723616223,0.14499603134314062,0.33741952221712357,8.935971791565537e-07
A,friends,contact_change,0.1580171013355838,0.050236493637035716,0.059555383097418216,0.2564788195737494,0.0016582338608559062
A,friends,age_T2_centered,-0.07218955261233032,0.006034287139321868,-0.0840165380777744,-0.060362567146886224,5.536698370348666e-33
A,friends,education_T2,0.19159259336617357,0.021328861014191514,0.14978879394709776,0.23339639278524937,2.6399574956155214e-19
A,friends,wealth_ihs_T2,0.13004873395253375,0.048479719448668815,0.03503022985253686,0.22506723805253065,0.007306565076544203
B,friends,Intercept,3.0102629875702998,0.3231616020180992,2.376877886428559,3.6436480887120406,1.2190752641273822e-20
B,friends,"C(sex_T2, Treatment(reference=""Female""))[T.Male]",-0.4085389252274745,0.11702525802685002,-0.6379042162416073,-0.1791736342133416,0.0004811585483463885
B,friends,"C(race_ethnicity_T2, Treatment(reference=""White, non-Hispanic""))[T.Black/African American, non-Hispanic]",-0.769354293378908,0.20566285895252376,-1.1724460898833957,-0.3662624968744205,0.0001833975819125629
B,friends,"C(race_ethnicity_T2, Treatment(reference=""White, non-Hispanic""))[T.Hispanic]",-0.08678231220217492,0.2286363696725918,-0.5349013623164407,0.36133673791209087,0.704268512783442
B,friends,"C(race_ethnicity_T2, Treatment(reference=""White, non-Hispanic""))[T.Other, non-Hispanic]",-0.8228580456341587,0.3449084958434365,-1.4988662754491773,-0.14684981581914014,0.017045327345695263
B,friends,"C(marital_status_4_T2, Treatment(reference=""Married/partnered""))[T.Never married]",-0.2493707242331782,0.3289597845060012,-0.8941200542269979,0.39537860576064154,0.4484160288642235
B,friends,"C(marital_status_4_T2, Treatment(reference=""Married/partnered""))[T.Separated/divorced]",-0.2248155347160934,0.18353735179064534,-0.5845421340436163,0.1349110646114295,0.22061160183012274
B,friends,"C(marital_status_4_T2, Treatment(reference=""Married/partnered""))[T.Widowed]",-0.14733627147362416,0.1508721592208666,-0.44304026981631534,0.14836772686906702,0.3287852059112134
B,friends,cog27_T2,0.5507798856539603,0.016881963561650237,0.5176918450848083,0.5838679262231123,1.7930894072966763e-233
B,friends,contact_T1,0.23277622876758158,0.05118621234658393,0.1324530960632576,0.33309936147190555,5.425202906925531e-06
B,friends,contact_change,0.13386118729356078,0.056221618544040015,0.023668839794693114,0.24405353479242844,0.017267784947832845
B,friends,age_T2_centered,-0.09725893972022642,0.006851984239588801,-0.11068858205245655,-0.0838292973879963,9.941104067316528e-46
B,friends,education_T2,0.22024298961380273,0.02346619308213116,0.1742500963185627,0.26623588290904276,6.259243549923374e-21
B,friends,wealth_ihs_T2,0.18535716022835377,0.055284342430002645,0.07700184015656901,0.2937124803001385,0.0007999944852455604
